X,Y,word,time.frame,repetition
263.00,282.00,bagged,1,1
267.00,280.00,bagged,1,1
271.00,277.00,bagged,1,1
276.00,274.00,bagged,1,1
280.00,271.00,bagged,1,1
283.00,267.00,bagged,1,1
286.00,263.00,bagged,1,1
290.00,260.00,bagged,1,1
294.00,256.00,bagged,1,1
298.00,253.00,bagged,1,1
302.00,249.00,bagged,1,1
305.00,246.00,bagged,1,1
308.00,242.00,bagged,1,1
312.00,238.00,bagged,1,1
315.00,234.00,bagged,1,1
319.00,231.00,bagged,1,1
323.00,227.00,bagged,1,1
327.00,224.00,bagged,1,1
330.00,220.00,bagged,1,1
334.00,217.00,bagged,1,1
339.00,214.00,bagged,1,1
343.00,212.00,bagged,1,1
347.00,209.00,bagged,1,1
352.00,207.00,bagged,1,1
357.00,205.00,bagged,1,1
362.00,203.00,bagged,1,1
366.00,201.00,bagged,1,1
371.00,200.00,bagged,1,1
376.00,198.00,bagged,1,1
381.00,197.00,bagged,1,1
385.00,194.00,bagged,1,1
390.00,193.00,bagged,1,1
395.00,191.00,bagged,1,1
400.00,190.00,bagged,1,1
405.00,188.00,bagged,1,1
410.00,186.00,bagged,1,1
414.00,184.00,bagged,1,1
420.00,183.00,bagged,1,1
425.00,183.00,bagged,1,1
430.00,182.00,bagged,1,1
435.00,181.00,bagged,1,1
440.00,180.00,bagged,1,1
445.00,179.00,bagged,1,1
450.00,178.00,bagged,1,1
455.00,178.00,bagged,1,1
460.00,179.00,bagged,1,1
465.00,181.00,bagged,1,1
469.00,183.00,bagged,1,1
474.00,185.00,bagged,1,1
478.00,188.00,bagged,1,1
482.00,192.00,bagged,1,1
486.00,195.00,bagged,1,1
489.00,199.00,bagged,1,1
493.00,202.00,bagged,1,1
496.00,206.00,bagged,1,1
500.00,210.00,bagged,1,1
504.00,213.00,bagged,1,1
508.00,216.00,bagged,1,1
511.00,220.00,bagged,1,1
514.00,224.00,bagged,1,1
516.00,229.00,bagged,1,1
519.00,233.00,bagged,1,1
522.00,238.00,bagged,1,1
524.00,242.00,bagged,1,1
264.00,291.00,bagged,1,2
269.00,290.00,bagged,1,2
274.00,288.00,bagged,1,2
278.00,285.00,bagged,1,2
283.00,282.00,bagged,1,2
286.00,279.00,bagged,1,2
290.00,275.00,bagged,1,2
294.00,272.00,bagged,1,2
298.00,268.00,bagged,1,2
302.00,264.00,bagged,1,2
305.00,260.00,bagged,1,2
309.00,257.00,bagged,1,2
313.00,253.00,bagged,1,2
316.00,249.00,bagged,1,2
320.00,245.00,bagged,1,2
324.00,242.00,bagged,1,2
328.00,238.00,bagged,1,2
331.00,234.00,bagged,1,2
336.00,231.00,bagged,1,2
340.00,227.00,bagged,1,2
344.00,224.00,bagged,1,2
348.00,221.00,bagged,1,2
352.00,218.00,bagged,1,2
356.00,215.00,bagged,1,2
360.00,211.00,bagged,1,2
364.00,207.00,bagged,1,2
368.00,203.00,bagged,1,2
371.00,199.00,bagged,1,2
374.00,195.00,bagged,1,2
378.00,191.00,bagged,1,2
382.00,188.00,bagged,1,2
385.00,184.00,bagged,1,2
389.00,180.00,bagged,1,2
394.00,178.00,bagged,1,2
399.00,176.00,bagged,1,2
404.00,175.00,bagged,1,2
409.00,175.00,bagged,1,2
415.00,175.00,bagged,1,2
420.00,175.00,bagged,1,2
425.00,176.00,bagged,1,2
430.00,178.00,bagged,1,2
435.00,180.00,bagged,1,2
440.00,182.00,bagged,1,2
445.00,183.00,bagged,1,2
450.00,185.00,bagged,1,2
455.00,186.00,bagged,1,2
460.00,189.00,bagged,1,2
464.00,192.00,bagged,1,2
469.00,195.00,bagged,1,2
473.00,198.00,bagged,1,2
477.00,201.00,bagged,1,2
481.00,204.00,bagged,1,2
485.00,208.00,bagged,1,2
490.00,211.00,bagged,1,2
494.00,213.00,bagged,1,2
498.00,217.00,bagged,1,2
502.00,221.00,bagged,1,2
505.00,225.00,bagged,1,2
508.00,229.00,bagged,1,2
512.00,233.00,bagged,1,2
515.00,237.00,bagged,1,2
518.00,242.00,bagged,1,2
522.00,245.00,bagged,1,2
526.00,249.00,bagged,1,2
530.00,252.00,bagged,1,2
261.00,280.00,bagged,1,3
267.00,278.00,bagged,1,3
272.00,277.00,bagged,1,3
277.00,275.00,bagged,1,3
282.00,272.00,bagged,1,3
287.00,270.00,bagged,1,3
292.00,268.00,bagged,1,3
296.00,265.00,bagged,1,3
301.00,262.00,bagged,1,3
305.00,259.00,bagged,1,3
309.00,255.00,bagged,1,3
313.00,252.00,bagged,1,3
317.00,248.00,bagged,1,3
321.00,244.00,bagged,1,3
325.00,240.00,bagged,1,3
329.00,236.00,bagged,1,3
333.00,233.00,bagged,1,3
336.00,229.00,bagged,1,3
340.00,225.00,bagged,1,3
344.00,221.00,bagged,1,3
348.00,217.00,bagged,1,3
352.00,213.00,bagged,1,3
355.00,209.00,bagged,1,3
359.00,205.00,bagged,1,3
363.00,201.00,bagged,1,3
367.00,197.00,bagged,1,3
370.00,193.00,bagged,1,3
374.00,190.00,bagged,1,3
378.00,186.00,bagged,1,3
383.00,183.00,bagged,1,3
388.00,181.00,bagged,1,3
393.00,179.00,bagged,1,3
398.00,177.00,bagged,1,3
403.00,175.00,bagged,1,3
408.00,174.00,bagged,1,3
414.00,173.00,bagged,1,3
419.00,172.00,bagged,1,3
424.00,171.00,bagged,1,3
430.00,170.00,bagged,1,3
435.00,168.00,bagged,1,3
440.00,166.00,bagged,1,3
445.00,165.00,bagged,1,3
451.00,164.00,bagged,1,3
456.00,164.00,bagged,1,3
461.00,165.00,bagged,1,3
467.00,166.00,bagged,1,3
472.00,167.00,bagged,1,3
477.00,170.00,bagged,1,3
481.00,173.00,bagged,1,3
486.00,176.00,bagged,1,3
490.00,180.00,bagged,1,3
493.00,184.00,bagged,1,3
497.00,188.00,bagged,1,3
500.00,192.00,bagged,1,3
503.00,197.00,bagged,1,3
507.00,201.00,bagged,1,3
510.00,205.00,bagged,1,3
513.00,210.00,bagged,1,3
516.00,214.00,bagged,1,3
520.00,218.00,bagged,1,3
524.00,222.00,bagged,1,3
527.00,226.00,bagged,1,3
530.00,230.00,bagged,1,3
534.00,235.00,bagged,1,3
537.00,239.00,bagged,1,3
540.00,244.00,bagged,1,3
543.00,249.00,bagged,1,3
545.00,253.00,bagged,1,3
259.00,303.00,bagged,1,4
262.00,298.00,bagged,1,4
265.00,293.00,bagged,1,4
268.00,288.00,bagged,1,4
272.00,284.00,bagged,1,4
276.00,280.00,bagged,1,4
280.00,276.00,bagged,1,4
285.00,272.00,bagged,1,4
289.00,269.00,bagged,1,4
294.00,266.00,bagged,1,4
299.00,264.00,bagged,1,4
304.00,261.00,bagged,1,4
309.00,257.00,bagged,1,4
314.00,254.00,bagged,1,4
318.00,251.00,bagged,1,4
322.00,246.00,bagged,1,4
326.00,242.00,bagged,1,4
330.00,238.00,bagged,1,4
334.00,234.00,bagged,1,4
338.00,231.00,bagged,1,4
342.00,226.00,bagged,1,4
346.00,222.00,bagged,1,4
351.00,219.00,bagged,1,4
355.00,215.00,bagged,1,4
359.00,211.00,bagged,1,4
363.00,207.00,bagged,1,4
367.00,203.00,bagged,1,4
371.00,199.00,bagged,1,4
375.00,195.00,bagged,1,4
379.00,191.00,bagged,1,4
383.00,187.00,bagged,1,4
387.00,183.00,bagged,1,4
391.00,179.00,bagged,1,4
396.00,175.00,bagged,1,4
401.00,173.00,bagged,1,4
406.00,171.00,bagged,1,4
412.00,170.00,bagged,1,4
418.00,169.00,bagged,1,4
423.00,169.00,bagged,1,4
429.00,169.00,bagged,1,4
435.00,169.00,bagged,1,4
440.00,169.00,bagged,1,4
446.00,169.00,bagged,1,4
452.00,169.00,bagged,1,4
457.00,171.00,bagged,1,4
463.00,173.00,bagged,1,4
468.00,175.00,bagged,1,4
473.00,177.00,bagged,1,4
479.00,179.00,bagged,1,4
484.00,181.00,bagged,1,4
489.00,183.00,bagged,1,4
494.00,187.00,bagged,1,4
498.00,190.00,bagged,1,4
502.00,195.00,bagged,1,4
506.00,199.00,bagged,1,4
510.00,203.00,bagged,1,4
514.00,206.00,bagged,1,4
518.00,210.00,bagged,1,4
522.00,215.00,bagged,1,4
525.00,220.00,bagged,1,4
528.00,225.00,bagged,1,4
531.00,230.00,bagged,1,4
534.00,234.00,bagged,1,4
538.00,238.00,bagged,1,4
541.00,243.00,bagged,1,4
275.00,281.00,bagged,1,5
280.00,278.00,bagged,1,5
285.00,275.00,bagged,1,5
289.00,273.00,bagged,1,5
294.00,270.00,bagged,1,5
298.00,267.00,bagged,1,5
301.00,263.00,bagged,1,5
304.00,259.00,bagged,1,5
307.00,254.00,bagged,1,5
310.00,250.00,bagged,1,5
313.00,246.00,bagged,1,5
317.00,242.00,bagged,1,5
321.00,238.00,bagged,1,5
324.00,234.00,bagged,1,5
327.00,230.00,bagged,1,5
331.00,226.00,bagged,1,5
334.00,222.00,bagged,1,5
337.00,218.00,bagged,1,5
341.00,215.00,bagged,1,5
345.00,211.00,bagged,1,5
349.00,207.00,bagged,1,5
352.00,203.00,bagged,1,5
356.00,199.00,bagged,1,5
360.00,196.00,bagged,1,5
363.00,192.00,bagged,1,5
367.00,189.00,bagged,1,5
371.00,185.00,bagged,1,5
375.00,182.00,bagged,1,5
380.00,179.00,bagged,1,5
384.00,177.00,bagged,1,5
389.00,176.00,bagged,1,5
395.00,174.00,bagged,1,5
400.00,173.00,bagged,1,5
405.00,172.00,bagged,1,5
410.00,171.00,bagged,1,5
415.00,170.00,bagged,1,5
420.00,169.00,bagged,1,5
426.00,169.00,bagged,1,5
431.00,169.00,bagged,1,5
436.00,169.00,bagged,1,5
441.00,169.00,bagged,1,5
447.00,169.00,bagged,1,5
452.00,169.00,bagged,1,5
457.00,171.00,bagged,1,5
462.00,173.00,bagged,1,5
466.00,175.00,bagged,1,5
471.00,178.00,bagged,1,5
475.00,181.00,bagged,1,5
479.00,184.00,bagged,1,5
483.00,187.00,bagged,1,5
487.00,191.00,bagged,1,5
491.00,194.00,bagged,1,5
495.00,198.00,bagged,1,5
499.00,201.00,bagged,1,5
503.00,205.00,bagged,1,5
507.00,208.00,bagged,1,5
511.00,212.00,bagged,1,5
514.00,216.00,bagged,1,5
517.00,220.00,bagged,1,5
521.00,224.00,bagged,1,5
524.00,228.00,bagged,1,5
528.00,232.00,bagged,1,5
531.00,236.00,bagged,1,5
535.00,239.00,bagged,1,5
539.00,243.00,bagged,1,5
277.00,285.00,bagged,1,6
280.00,281.00,bagged,1,6
284.00,277.00,bagged,1,6
288.00,274.00,bagged,1,6
292.00,270.00,bagged,1,6
296.00,266.00,bagged,1,6
299.00,263.00,bagged,1,6
303.00,259.00,bagged,1,6
307.00,255.00,bagged,1,6
310.00,251.00,bagged,1,6
314.00,247.00,bagged,1,6
318.00,243.00,bagged,1,6
322.00,239.00,bagged,1,6
326.00,236.00,bagged,1,6
330.00,232.00,bagged,1,6
333.00,229.00,bagged,1,6
338.00,226.00,bagged,1,6
343.00,223.00,bagged,1,6
347.00,220.00,bagged,1,6
351.00,216.00,bagged,1,6
354.00,212.00,bagged,1,6
358.00,209.00,bagged,1,6
362.00,205.00,bagged,1,6
366.00,201.00,bagged,1,6
369.00,197.00,bagged,1,6
373.00,193.00,bagged,1,6
377.00,190.00,bagged,1,6
382.00,188.00,bagged,1,6
386.00,184.00,bagged,1,6
391.00,181.00,bagged,1,6
395.00,179.00,bagged,1,6
400.00,176.00,bagged,1,6
405.00,173.00,bagged,1,6
410.00,172.00,bagged,1,6
415.00,171.00,bagged,1,6
420.00,171.00,bagged,1,6
425.00,171.00,bagged,1,6
431.00,172.00,bagged,1,6
436.00,172.00,bagged,1,6
441.00,173.00,bagged,1,6
446.00,175.00,bagged,1,6
451.00,177.00,bagged,1,6
456.00,179.00,bagged,1,6
461.00,180.00,bagged,1,6
466.00,182.00,bagged,1,6
471.00,184.00,bagged,1,6
476.00,186.00,bagged,1,6
481.00,187.00,bagged,1,6
486.00,190.00,bagged,1,6
491.00,192.00,bagged,1,6
496.00,195.00,bagged,1,6
500.00,198.00,bagged,1,6
504.00,201.00,bagged,1,6
508.00,205.00,bagged,1,6
512.00,209.00,bagged,1,6
515.00,212.00,bagged,1,6
519.00,216.00,bagged,1,6
522.00,220.00,bagged,1,6
526.00,224.00,bagged,1,6
530.00,228.00,bagged,1,6
534.00,231.00,bagged,1,6
283.00,261.00,bagged,1,7
287.00,258.00,bagged,1,7
291.00,255.00,bagged,1,7
296.00,253.00,bagged,1,7
300.00,250.00,bagged,1,7
304.00,246.00,bagged,1,7
308.00,243.00,bagged,1,7
312.00,241.00,bagged,1,7
317.00,238.00,bagged,1,7
321.00,235.00,bagged,1,7
325.00,232.00,bagged,1,7
329.00,230.00,bagged,1,7
334.00,227.00,bagged,1,7
338.00,224.00,bagged,1,7
342.00,222.00,bagged,1,7
346.00,218.00,bagged,1,7
350.00,216.00,bagged,1,7
354.00,212.00,bagged,1,7
358.00,209.00,bagged,1,7
362.00,206.00,bagged,1,7
366.00,202.00,bagged,1,7
370.00,199.00,bagged,1,7
374.00,196.00,bagged,1,7
377.00,192.00,bagged,1,7
381.00,188.00,bagged,1,7
385.00,185.00,bagged,1,7
389.00,182.00,bagged,1,7
393.00,179.00,bagged,1,7
398.00,177.00,bagged,1,7
402.00,175.00,bagged,1,7
407.00,174.00,bagged,1,7
412.00,173.00,bagged,1,7
417.00,173.00,bagged,1,7
422.00,173.00,bagged,1,7
427.00,173.00,bagged,1,7
433.00,173.00,bagged,1,7
438.00,173.00,bagged,1,7
443.00,173.00,bagged,1,7
448.00,174.00,bagged,1,7
453.00,175.00,bagged,1,7
457.00,177.00,bagged,1,7
462.00,179.00,bagged,1,7
467.00,180.00,bagged,1,7
472.00,182.00,bagged,1,7
477.00,184.00,bagged,1,7
481.00,186.00,bagged,1,7
485.00,189.00,bagged,1,7
490.00,192.00,bagged,1,7
494.00,195.00,bagged,1,7
497.00,198.00,bagged,1,7
501.00,202.00,bagged,1,7
505.00,205.00,bagged,1,7
509.00,208.00,bagged,1,7
513.00,212.00,bagged,1,7
516.00,215.00,bagged,1,7
520.00,219.00,bagged,1,7
524.00,222.00,bagged,1,7
527.00,226.00,bagged,1,7
531.00,229.00,bagged,1,7
535.00,233.00,bagged,1,7
538.00,236.00,bagged,1,7
542.00,240.00,bagged,1,7
546.00,244.00,bagged,1,7
549.00,248.00,bagged,1,7
279.00,297.00,bagged,1,8
280.00,292.00,bagged,1,8
282.00,287.00,bagged,1,8
283.00,282.00,bagged,1,8
286.00,277.00,bagged,1,8
288.00,272.00,bagged,1,8
289.00,267.00,bagged,1,8
291.00,261.00,bagged,1,8
292.00,256.00,bagged,1,8
294.00,251.00,bagged,1,8
296.00,246.00,bagged,1,8
299.00,242.00,bagged,1,8
303.00,238.00,bagged,1,8
307.00,234.00,bagged,1,8
311.00,232.00,bagged,1,8
316.00,230.00,bagged,1,8
321.00,228.00,bagged,1,8
327.00,227.00,bagged,1,8
332.00,227.00,bagged,1,8
337.00,226.00,bagged,1,8
343.00,225.00,bagged,1,8
347.00,222.00,bagged,1,8
352.00,219.00,bagged,1,8
356.00,215.00,bagged,1,8
360.00,212.00,bagged,1,8
364.00,208.00,bagged,1,8
367.00,204.00,bagged,1,8
370.00,199.00,bagged,1,8
372.00,195.00,bagged,1,8
375.00,190.00,bagged,1,8
379.00,186.00,bagged,1,8
383.00,183.00,bagged,1,8
388.00,181.00,bagged,1,8
393.00,179.00,bagged,1,8
398.00,178.00,bagged,1,8
404.00,178.00,bagged,1,8
409.00,178.00,bagged,1,8
415.00,178.00,bagged,1,8
420.00,177.00,bagged,1,8
425.00,176.00,bagged,1,8
430.00,176.00,bagged,1,8
436.00,177.00,bagged,1,8
441.00,177.00,bagged,1,8
446.00,178.00,bagged,1,8
452.00,179.00,bagged,1,8
457.00,180.00,bagged,1,8
462.00,180.00,bagged,1,8
468.00,181.00,bagged,1,8
473.00,182.00,bagged,1,8
478.00,184.00,bagged,1,8
482.00,187.00,bagged,1,8
487.00,189.00,bagged,1,8
492.00,192.00,bagged,1,8
496.00,196.00,bagged,1,8
500.00,199.00,bagged,1,8
504.00,203.00,bagged,1,8
508.00,206.00,bagged,1,8
512.00,210.00,bagged,1,8
516.00,213.00,bagged,1,8
520.00,217.00,bagged,1,8
523.00,221.00,bagged,1,8
527.00,225.00,bagged,1,8
531.00,229.00,bagged,1,8
535.00,232.00,bagged,1,8
538.00,236.00,bagged,1,8
542.00,240.00,bagged,1,8
546.00,243.00,bagged,1,8
550.00,247.00,bagged,1,8
289.00,262.00,bagdaz,1,2
292.00,258.00,bagdaz,1,2
295.00,254.00,bagdaz,1,2
298.00,249.00,bagdaz,1,2
301.00,245.00,bagdaz,1,2
304.00,241.00,bagdaz,1,2
307.00,237.00,bagdaz,1,2
311.00,233.00,bagdaz,1,2
314.00,229.00,bagdaz,1,2
318.00,225.00,bagdaz,1,2
322.00,222.00,bagdaz,1,2
325.00,218.00,bagdaz,1,2
329.00,214.00,bagdaz,1,2
333.00,211.00,bagdaz,1,2
337.00,208.00,bagdaz,1,2
341.00,205.00,bagdaz,1,2
346.00,203.00,bagdaz,1,2
351.00,201.00,bagdaz,1,2
355.00,199.00,bagdaz,1,2
360.00,198.00,bagdaz,1,2
365.00,197.00,bagdaz,1,2
370.00,195.00,bagdaz,1,2
375.00,193.00,bagdaz,1,2
380.00,191.00,bagdaz,1,2
384.00,189.00,bagdaz,1,2
389.00,186.00,bagdaz,1,2
394.00,184.00,bagdaz,1,2
398.00,182.00,bagdaz,1,2
403.00,179.00,bagdaz,1,2
408.00,177.00,bagdaz,1,2
413.00,176.00,bagdaz,1,2
418.00,175.00,bagdaz,1,2
423.00,175.00,bagdaz,1,2
428.00,175.00,bagdaz,1,2
433.00,175.00,bagdaz,1,2
438.00,175.00,bagdaz,1,2
444.00,176.00,bagdaz,1,2
449.00,177.00,bagdaz,1,2
453.00,179.00,bagdaz,1,2
458.00,181.00,bagdaz,1,2
463.00,183.00,bagdaz,1,2
468.00,183.00,bagdaz,1,2
473.00,185.00,bagdaz,1,2
478.00,187.00,bagdaz,1,2
482.00,189.00,bagdaz,1,2
487.00,192.00,bagdaz,1,2
491.00,194.00,bagdaz,1,2
495.00,198.00,bagdaz,1,2
499.00,202.00,bagdaz,1,2
502.00,205.00,bagdaz,1,2
506.00,209.00,bagdaz,1,2
510.00,213.00,bagdaz,1,2
513.00,216.00,bagdaz,1,2
517.00,220.00,bagdaz,1,2
520.00,224.00,bagdaz,1,2
523.00,228.00,bagdaz,1,2
526.00,233.00,bagdaz,1,2
528.00,237.00,bagdaz,1,2
531.00,242.00,bagdaz,1,2
534.00,246.00,bagdaz,1,2
538.00,249.00,bagdaz,1,2
542.00,253.00,bagdaz,1,2
546.00,256.00,bagdaz,1,2
549.00,260.00,bagdaz,1,2
278.00,267.00,bagdaz,1,3
283.00,264.00,bagdaz,1,3
287.00,261.00,bagdaz,1,3
291.00,258.00,bagdaz,1,3
295.00,255.00,bagdaz,1,3
299.00,252.00,bagdaz,1,3
302.00,248.00,bagdaz,1,3
306.00,244.00,bagdaz,1,3
310.00,241.00,bagdaz,1,3
313.00,237.00,bagdaz,1,3
316.00,233.00,bagdaz,1,3
320.00,229.00,bagdaz,1,3
323.00,225.00,bagdaz,1,3
327.00,222.00,bagdaz,1,3
330.00,218.00,bagdaz,1,3
335.00,215.00,bagdaz,1,3
339.00,213.00,bagdaz,1,3
344.00,210.00,bagdaz,1,3
348.00,208.00,bagdaz,1,3
353.00,206.00,bagdaz,1,3
358.00,205.00,bagdaz,1,3
363.00,203.00,bagdaz,1,3
367.00,200.00,bagdaz,1,3
372.00,199.00,bagdaz,1,3
377.00,196.00,bagdaz,1,3
381.00,195.00,bagdaz,1,3
386.00,193.00,bagdaz,1,3
391.00,191.00,bagdaz,1,3
396.00,189.00,bagdaz,1,3
401.00,187.00,bagdaz,1,3
406.00,187.00,bagdaz,1,3
411.00,187.00,bagdaz,1,3
416.00,186.00,bagdaz,1,3
421.00,185.00,bagdaz,1,3
426.00,184.00,bagdaz,1,3
431.00,183.00,bagdaz,1,3
436.00,183.00,bagdaz,1,3
441.00,183.00,bagdaz,1,3
446.00,183.00,bagdaz,1,3
452.00,183.00,bagdaz,1,3
457.00,183.00,bagdaz,1,3
462.00,183.00,bagdaz,1,3
467.00,183.00,bagdaz,1,3
471.00,185.00,bagdaz,1,3
476.00,187.00,bagdaz,1,3
481.00,189.00,bagdaz,1,3
486.00,191.00,bagdaz,1,3
490.00,194.00,bagdaz,1,3
494.00,197.00,bagdaz,1,3
497.00,201.00,bagdaz,1,3
501.00,205.00,bagdaz,1,3
504.00,208.00,bagdaz,1,3
508.00,212.00,bagdaz,1,3
512.00,216.00,bagdaz,1,3
515.00,219.00,bagdaz,1,3
518.00,223.00,bagdaz,1,3
521.00,227.00,bagdaz,1,3
524.00,232.00,bagdaz,1,3
527.00,236.00,bagdaz,1,3
530.00,240.00,bagdaz,1,3
534.00,244.00,bagdaz,1,3
537.00,248.00,bagdaz,1,3
540.00,252.00,bagdaz,1,3
543.00,256.00,bagdaz,1,3
287.00,271.00,bagdaz,1,4
291.00,268.00,bagdaz,1,4
294.00,264.00,bagdaz,1,4
297.00,260.00,bagdaz,1,4
300.00,256.00,bagdaz,1,4
304.00,252.00,bagdaz,1,4
307.00,248.00,bagdaz,1,4
310.00,244.00,bagdaz,1,4
313.00,240.00,bagdaz,1,4
315.00,235.00,bagdaz,1,4
318.00,231.00,bagdaz,1,4
321.00,226.00,bagdaz,1,4
325.00,223.00,bagdaz,1,4
328.00,219.00,bagdaz,1,4
332.00,216.00,bagdaz,1,4
336.00,212.00,bagdaz,1,4
339.00,208.00,bagdaz,1,4
343.00,205.00,bagdaz,1,4
347.00,202.00,bagdaz,1,4
351.00,198.00,bagdaz,1,4
355.00,195.00,bagdaz,1,4
359.00,191.00,bagdaz,1,4
363.00,189.00,bagdaz,1,4
367.00,186.00,bagdaz,1,4
372.00,183.00,bagdaz,1,4
376.00,180.00,bagdaz,1,4
380.00,177.00,bagdaz,1,4
385.00,176.00,bagdaz,1,4
390.00,174.00,bagdaz,1,4
395.00,172.00,bagdaz,1,4
400.00,171.00,bagdaz,1,4
405.00,170.00,bagdaz,1,4
410.00,169.00,bagdaz,1,4
415.00,168.00,bagdaz,1,4
420.00,168.00,bagdaz,1,4
425.00,168.00,bagdaz,1,4
431.00,168.00,bagdaz,1,4
436.00,168.00,bagdaz,1,4
441.00,169.00,bagdaz,1,4
446.00,170.00,bagdaz,1,4
451.00,171.00,bagdaz,1,4
456.00,172.00,bagdaz,1,4
461.00,174.00,bagdaz,1,4
466.00,175.00,bagdaz,1,4
471.00,177.00,bagdaz,1,4
475.00,179.00,bagdaz,1,4
480.00,182.00,bagdaz,1,4
484.00,185.00,bagdaz,1,4
487.00,188.00,bagdaz,1,4
491.00,192.00,bagdaz,1,4
495.00,196.00,bagdaz,1,4
498.00,199.00,bagdaz,1,4
502.00,203.00,bagdaz,1,4
505.00,207.00,bagdaz,1,4
508.00,211.00,bagdaz,1,4
511.00,216.00,bagdaz,1,4
514.00,220.00,bagdaz,1,4
517.00,224.00,bagdaz,1,4
519.00,229.00,bagdaz,1,4
522.00,233.00,bagdaz,1,4
526.00,236.00,bagdaz,1,4
529.00,240.00,bagdaz,1,4
532.00,244.00,bagdaz,1,4
535.00,249.00,bagdaz,1,4
272.00,277.00,bagdaz,1,5
276.00,274.00,bagdaz,1,5
281.00,271.00,bagdaz,1,5
285.00,268.00,bagdaz,1,5
289.00,266.00,bagdaz,1,5
293.00,262.00,bagdaz,1,5
297.00,258.00,bagdaz,1,5
301.00,255.00,bagdaz,1,5
305.00,252.00,bagdaz,1,5
309.00,248.00,bagdaz,1,5
313.00,245.00,bagdaz,1,5
317.00,241.00,bagdaz,1,5
320.00,238.00,bagdaz,1,5
324.00,234.00,bagdaz,1,5
327.00,230.00,bagdaz,1,5
330.00,226.00,bagdaz,1,5
333.00,222.00,bagdaz,1,5
336.00,217.00,bagdaz,1,5
340.00,213.00,bagdaz,1,5
344.00,210.00,bagdaz,1,5
348.00,207.00,bagdaz,1,5
351.00,203.00,bagdaz,1,5
353.00,198.00,bagdaz,1,5
356.00,194.00,bagdaz,1,5
359.00,189.00,bagdaz,1,5
362.00,185.00,bagdaz,1,5
366.00,182.00,bagdaz,1,5
370.00,179.00,bagdaz,1,5
375.00,178.00,bagdaz,1,5
380.00,176.00,bagdaz,1,5
386.00,175.00,bagdaz,1,5
391.00,174.00,bagdaz,1,5
396.00,173.00,bagdaz,1,5
401.00,172.00,bagdaz,1,5
406.00,171.00,bagdaz,1,5
411.00,171.00,bagdaz,1,5
416.00,171.00,bagdaz,1,5
421.00,171.00,bagdaz,1,5
427.00,171.00,bagdaz,1,5
432.00,171.00,bagdaz,1,5
437.00,173.00,bagdaz,1,5
442.00,174.00,bagdaz,1,5
447.00,175.00,bagdaz,1,5
452.00,177.00,bagdaz,1,5
457.00,179.00,bagdaz,1,5
461.00,181.00,bagdaz,1,5
466.00,183.00,bagdaz,1,5
471.00,186.00,bagdaz,1,5
475.00,189.00,bagdaz,1,5
479.00,191.00,bagdaz,1,5
484.00,194.00,bagdaz,1,5
488.00,197.00,bagdaz,1,5
492.00,200.00,bagdaz,1,5
497.00,203.00,bagdaz,1,5
501.00,205.00,bagdaz,1,5
506.00,207.00,bagdaz,1,5
511.00,209.00,bagdaz,1,5
516.00,211.00,bagdaz,1,5
520.00,213.00,bagdaz,1,5
525.00,215.00,bagdaz,1,5
530.00,217.00,bagdaz,1,5
535.00,220.00,bagdaz,1,5
539.00,222.00,bagdaz,1,5
544.00,225.00,bagdaz,1,5
286.00,280.00,bagdaz,1,6
289.00,276.00,bagdaz,1,6
293.00,272.00,bagdaz,1,6
296.00,269.00,bagdaz,1,6
299.00,265.00,bagdaz,1,6
303.00,261.00,bagdaz,1,6
306.00,257.00,bagdaz,1,6
309.00,254.00,bagdaz,1,6
313.00,250.00,bagdaz,1,6
316.00,246.00,bagdaz,1,6
319.00,243.00,bagdaz,1,6
322.00,239.00,bagdaz,1,6
326.00,235.00,bagdaz,1,6
329.00,232.00,bagdaz,1,6
333.00,228.00,bagdaz,1,6
336.00,225.00,bagdaz,1,6
340.00,222.00,bagdaz,1,6
345.00,219.00,bagdaz,1,6
349.00,216.00,bagdaz,1,6
352.00,213.00,bagdaz,1,6
355.00,209.00,bagdaz,1,6
358.00,205.00,bagdaz,1,6
361.00,201.00,bagdaz,1,6
364.00,197.00,bagdaz,1,6
368.00,193.00,bagdaz,1,6
371.00,190.00,bagdaz,1,6
375.00,186.00,bagdaz,1,6
378.00,183.00,bagdaz,1,6
383.00,180.00,bagdaz,1,6
387.00,177.00,bagdaz,1,6
391.00,175.00,bagdaz,1,6
395.00,173.00,bagdaz,1,6
400.00,172.00,bagdaz,1,6
405.00,171.00,bagdaz,1,6
410.00,171.00,bagdaz,1,6
415.00,171.00,bagdaz,1,6
420.00,172.00,bagdaz,1,6
425.00,172.00,bagdaz,1,6
430.00,172.00,bagdaz,1,6
435.00,173.00,bagdaz,1,6
440.00,174.00,bagdaz,1,6
445.00,175.00,bagdaz,1,6
450.00,175.00,bagdaz,1,6
455.00,176.00,bagdaz,1,6
459.00,177.00,bagdaz,1,6
464.00,179.00,bagdaz,1,6
469.00,180.00,bagdaz,1,6
473.00,183.00,bagdaz,1,6
477.00,186.00,bagdaz,1,6
480.00,190.00,bagdaz,1,6
484.00,193.00,bagdaz,1,6
487.00,197.00,bagdaz,1,6
491.00,200.00,bagdaz,1,6
495.00,203.00,bagdaz,1,6
499.00,206.00,bagdaz,1,6
503.00,209.00,bagdaz,1,6
506.00,213.00,bagdaz,1,6
510.00,217.00,bagdaz,1,6
513.00,220.00,bagdaz,1,6
517.00,223.00,bagdaz,1,6
520.00,227.00,bagdaz,1,6
524.00,230.00,bagdaz,1,6
528.00,233.00,bagdaz,1,6
531.00,237.00,bagdaz,1,6
273.00,289.00,bagdaz,1,7
276.00,284.00,bagdaz,1,7
279.00,280.00,bagdaz,1,7
283.00,276.00,bagdaz,1,7
286.00,272.00,bagdaz,1,7
289.00,268.00,bagdaz,1,7
293.00,265.00,bagdaz,1,7
297.00,261.00,bagdaz,1,7
300.00,257.00,bagdaz,1,7
304.00,254.00,bagdaz,1,7
308.00,250.00,bagdaz,1,7
311.00,246.00,bagdaz,1,7
315.00,243.00,bagdaz,1,7
318.00,239.00,bagdaz,1,7
322.00,235.00,bagdaz,1,7
326.00,232.00,bagdaz,1,7
330.00,229.00,bagdaz,1,7
335.00,226.00,bagdaz,1,7
339.00,223.00,bagdaz,1,7
343.00,220.00,bagdaz,1,7
347.00,217.00,bagdaz,1,7
351.00,213.00,bagdaz,1,7
355.00,210.00,bagdaz,1,7
358.00,206.00,bagdaz,1,7
362.00,202.00,bagdaz,1,7
365.00,198.00,bagdaz,1,7
368.00,194.00,bagdaz,1,7
372.00,191.00,bagdaz,1,7
376.00,187.00,bagdaz,1,7
380.00,184.00,bagdaz,1,7
384.00,181.00,bagdaz,1,7
389.00,179.00,bagdaz,1,7
394.00,177.00,bagdaz,1,7
399.00,176.00,bagdaz,1,7
404.00,175.00,bagdaz,1,7
409.00,174.00,bagdaz,1,7
414.00,173.00,bagdaz,1,7
419.00,173.00,bagdaz,1,7
425.00,173.00,bagdaz,1,7
430.00,173.00,bagdaz,1,7
435.00,174.00,bagdaz,1,7
440.00,175.00,bagdaz,1,7
445.00,176.00,bagdaz,1,7
450.00,177.00,bagdaz,1,7
455.00,178.00,bagdaz,1,7
460.00,179.00,bagdaz,1,7
465.00,180.00,bagdaz,1,7
470.00,181.00,bagdaz,1,7
475.00,183.00,bagdaz,1,7
479.00,187.00,bagdaz,1,7
483.00,190.00,bagdaz,1,7
487.00,194.00,bagdaz,1,7
491.00,197.00,bagdaz,1,7
495.00,201.00,bagdaz,1,7
499.00,204.00,bagdaz,1,7
503.00,207.00,bagdaz,1,7
507.00,211.00,bagdaz,1,7
510.00,214.00,bagdaz,1,7
513.00,218.00,bagdaz,1,7
517.00,222.00,bagdaz,1,7
520.00,226.00,bagdaz,1,7
524.00,230.00,bagdaz,1,7
528.00,233.00,bagdaz,1,7
532.00,236.00,bagdaz,1,7
284.00,281.00,bagdaz,1,8
286.00,276.00,bagdaz,1,8
289.00,271.00,bagdaz,1,8
291.00,267.00,bagdaz,1,8
294.00,263.00,bagdaz,1,8
297.00,258.00,bagdaz,1,8
300.00,254.00,bagdaz,1,8
304.00,250.00,bagdaz,1,8
308.00,247.00,bagdaz,1,8
311.00,244.00,bagdaz,1,8
315.00,240.00,bagdaz,1,8
320.00,238.00,bagdaz,1,8
324.00,235.00,bagdaz,1,8
329.00,232.00,bagdaz,1,8
333.00,230.00,bagdaz,1,8
338.00,228.00,bagdaz,1,8
343.00,226.00,bagdaz,1,8
347.00,223.00,bagdaz,1,8
351.00,219.00,bagdaz,1,8
355.00,216.00,bagdaz,1,8
358.00,212.00,bagdaz,1,8
362.00,208.00,bagdaz,1,8
365.00,204.00,bagdaz,1,8
368.00,200.00,bagdaz,1,8
372.00,196.00,bagdaz,1,8
375.00,192.00,bagdaz,1,8
379.00,188.00,bagdaz,1,8
382.00,185.00,bagdaz,1,8
387.00,182.00,bagdaz,1,8
392.00,180.00,bagdaz,1,8
397.00,179.00,bagdaz,1,8
402.00,179.00,bagdaz,1,8
407.00,179.00,bagdaz,1,8
412.00,179.00,bagdaz,1,8
417.00,179.00,bagdaz,1,8
423.00,179.00,bagdaz,1,8
428.00,179.00,bagdaz,1,8
433.00,179.00,bagdaz,1,8
438.00,180.00,bagdaz,1,8
443.00,181.00,bagdaz,1,8
448.00,181.00,bagdaz,1,8
453.00,183.00,bagdaz,1,8
458.00,185.00,bagdaz,1,8
463.00,187.00,bagdaz,1,8
467.00,189.00,bagdaz,1,8
472.00,191.00,bagdaz,1,8
477.00,193.00,bagdaz,1,8
482.00,195.00,bagdaz,1,8
486.00,197.00,bagdaz,1,8
491.00,199.00,bagdaz,1,8
495.00,203.00,bagdaz,1,8
499.00,206.00,bagdaz,1,8
504.00,208.00,bagdaz,1,8
508.00,211.00,bagdaz,1,8
512.00,215.00,bagdaz,1,8
515.00,219.00,bagdaz,1,8
518.00,223.00,bagdaz,1,8
522.00,227.00,bagdaz,1,8
525.00,231.00,bagdaz,1,8
529.00,234.00,bagdaz,1,8
533.00,238.00,bagdaz,1,8
536.00,242.00,bagdaz,1,8
540.00,245.00,bagdaz,1,8
544.00,249.00,bagdaz,1,8
286.00,276.00,baghdad,1,1
290.00,272.00,baghdad,1,1
293.00,267.00,baghdad,1,1
296.00,263.00,baghdad,1,1
299.00,259.00,baghdad,1,1
302.00,255.00,baghdad,1,1
307.00,252.00,baghdad,1,1
311.00,249.00,baghdad,1,1
314.00,245.00,baghdad,1,1
318.00,242.00,baghdad,1,1
322.00,238.00,baghdad,1,1
326.00,235.00,baghdad,1,1
329.00,231.00,baghdad,1,1
333.00,227.00,baghdad,1,1
336.00,223.00,baghdad,1,1
340.00,219.00,baghdad,1,1
343.00,216.00,baghdad,1,1
347.00,212.00,baghdad,1,1
351.00,209.00,baghdad,1,1
355.00,205.00,baghdad,1,1
359.00,202.00,baghdad,1,1
363.00,199.00,baghdad,1,1
367.00,195.00,baghdad,1,1
371.00,191.00,baghdad,1,1
375.00,188.00,baghdad,1,1
379.00,186.00,baghdad,1,1
383.00,183.00,baghdad,1,1
388.00,180.00,baghdad,1,1
393.00,179.00,baghdad,1,1
398.00,177.00,baghdad,1,1
403.00,176.00,baghdad,1,1
408.00,175.00,baghdad,1,1
413.00,175.00,baghdad,1,1
419.00,175.00,baghdad,1,1
424.00,175.00,baghdad,1,1
429.00,175.00,baghdad,1,1
434.00,176.00,baghdad,1,1
439.00,177.00,baghdad,1,1
444.00,178.00,baghdad,1,1
449.00,180.00,baghdad,1,1
454.00,182.00,baghdad,1,1
458.00,185.00,baghdad,1,1
462.00,188.00,baghdad,1,1
467.00,191.00,baghdad,1,1
471.00,194.00,baghdad,1,1
475.00,197.00,baghdad,1,1
479.00,201.00,baghdad,1,1
483.00,204.00,baghdad,1,1
487.00,208.00,baghdad,1,1
490.00,211.00,baghdad,1,1
494.00,215.00,baghdad,1,1
498.00,219.00,baghdad,1,1
501.00,222.00,baghdad,1,1
505.00,226.00,baghdad,1,1
508.00,230.00,baghdad,1,1
512.00,234.00,baghdad,1,1
515.00,238.00,baghdad,1,1
519.00,242.00,baghdad,1,1
522.00,246.00,baghdad,1,1
526.00,249.00,baghdad,1,1
530.00,253.00,baghdad,1,1
534.00,256.00,baghdad,1,1
537.00,260.00,baghdad,1,1
542.00,263.00,baghdad,1,1
273.00,271.00,baghdad,1,2
277.00,267.00,baghdad,1,2
281.00,263.00,baghdad,1,2
285.00,259.00,baghdad,1,2
288.00,256.00,baghdad,1,2
292.00,252.00,baghdad,1,2
295.00,247.00,baghdad,1,2
299.00,244.00,baghdad,1,2
303.00,240.00,baghdad,1,2
306.00,236.00,baghdad,1,2
310.00,232.00,baghdad,1,2
314.00,228.00,baghdad,1,2
318.00,225.00,baghdad,1,2
323.00,222.00,baghdad,1,2
328.00,220.00,baghdad,1,2
332.00,217.00,baghdad,1,2
336.00,214.00,baghdad,1,2
341.00,210.00,baghdad,1,2
346.00,208.00,baghdad,1,2
350.00,205.00,baghdad,1,2
355.00,203.00,baghdad,1,2
360.00,200.00,baghdad,1,2
364.00,197.00,baghdad,1,2
368.00,193.00,baghdad,1,2
372.00,190.00,baghdad,1,2
376.00,187.00,baghdad,1,2
381.00,184.00,baghdad,1,2
385.00,180.00,baghdad,1,2
389.00,177.00,baghdad,1,2
394.00,174.00,baghdad,1,2
399.00,172.00,baghdad,1,2
404.00,170.00,baghdad,1,2
409.00,169.00,baghdad,1,2
414.00,169.00,baghdad,1,2
420.00,169.00,baghdad,1,2
425.00,169.00,baghdad,1,2
430.00,170.00,baghdad,1,2
436.00,171.00,baghdad,1,2
441.00,173.00,baghdad,1,2
446.00,175.00,baghdad,1,2
451.00,177.00,baghdad,1,2
456.00,179.00,baghdad,1,2
461.00,181.00,baghdad,1,2
466.00,183.00,baghdad,1,2
471.00,185.00,baghdad,1,2
475.00,187.00,baghdad,1,2
480.00,190.00,baghdad,1,2
484.00,194.00,baghdad,1,2
488.00,198.00,baghdad,1,2
492.00,201.00,baghdad,1,2
496.00,205.00,baghdad,1,2
500.00,208.00,baghdad,1,2
504.00,212.00,baghdad,1,2
508.00,216.00,baghdad,1,2
512.00,219.00,baghdad,1,2
515.00,223.00,baghdad,1,2
518.00,228.00,baghdad,1,2
522.00,232.00,baghdad,1,2
525.00,236.00,baghdad,1,2
528.00,240.00,baghdad,1,2
532.00,244.00,baghdad,1,2
537.00,247.00,baghdad,1,2
541.00,250.00,baghdad,1,2
270.00,274.00,baghdad,1,3
275.00,271.00,baghdad,1,3
279.00,267.00,baghdad,1,3
283.00,263.00,baghdad,1,3
287.00,259.00,baghdad,1,3
290.00,254.00,baghdad,1,3
293.00,249.00,baghdad,1,3
296.00,244.00,baghdad,1,3
299.00,239.00,baghdad,1,3
303.00,235.00,baghdad,1,3
307.00,231.00,baghdad,1,3
311.00,227.00,baghdad,1,3
316.00,224.00,baghdad,1,3
321.00,221.00,baghdad,1,3
326.00,219.00,baghdad,1,3
331.00,217.00,baghdad,1,3
337.00,215.00,baghdad,1,3
342.00,213.00,baghdad,1,3
347.00,209.00,baghdad,1,3
351.00,206.00,baghdad,1,3
356.00,203.00,baghdad,1,3
361.00,200.00,baghdad,1,3
366.00,197.00,baghdad,1,3
370.00,193.00,baghdad,1,3
375.00,190.00,baghdad,1,3
380.00,187.00,baghdad,1,3
384.00,183.00,baghdad,1,3
388.00,179.00,baghdad,1,3
391.00,174.00,baghdad,1,3
396.00,171.00,baghdad,1,3
401.00,169.00,baghdad,1,3
407.00,167.00,baghdad,1,3
412.00,165.00,baghdad,1,3
418.00,164.00,baghdad,1,3
423.00,163.00,baghdad,1,3
429.00,162.00,baghdad,1,3
435.00,162.00,baghdad,1,3
440.00,162.00,baghdad,1,3
446.00,162.00,baghdad,1,3
452.00,163.00,baghdad,1,3
457.00,164.00,baghdad,1,3
463.00,165.00,baghdad,1,3
468.00,167.00,baghdad,1,3
473.00,169.00,baghdad,1,3
478.00,172.00,baghdad,1,3
483.00,175.00,baghdad,1,3
488.00,179.00,baghdad,1,3
492.00,183.00,baghdad,1,3
495.00,188.00,baghdad,1,3
498.00,193.00,baghdad,1,3
500.00,198.00,baghdad,1,3
502.00,203.00,baghdad,1,3
505.00,208.00,baghdad,1,3
508.00,213.00,baghdad,1,3
512.00,217.00,baghdad,1,3
516.00,222.00,baghdad,1,3
519.00,226.00,baghdad,1,3
523.00,230.00,baghdad,1,3
526.00,235.00,baghdad,1,3
530.00,239.00,baghdad,1,3
534.00,244.00,baghdad,1,3
537.00,248.00,baghdad,1,3
541.00,253.00,baghdad,1,3
293.00,267.00,baghdad,1,4
298.00,264.00,baghdad,1,4
302.00,261.00,baghdad,1,4
306.00,257.00,baghdad,1,4
310.00,254.00,baghdad,1,4
313.00,250.00,baghdad,1,4
317.00,246.00,baghdad,1,4
320.00,242.00,baghdad,1,4
324.00,238.00,baghdad,1,4
327.00,235.00,baghdad,1,4
331.00,231.00,baghdad,1,4
335.00,227.00,baghdad,1,4
339.00,224.00,baghdad,1,4
343.00,221.00,baghdad,1,4
346.00,217.00,baghdad,1,4
350.00,214.00,baghdad,1,4
354.00,210.00,baghdad,1,4
357.00,206.00,baghdad,1,4
361.00,202.00,baghdad,1,4
364.00,198.00,baghdad,1,4
368.00,195.00,baghdad,1,4
372.00,191.00,baghdad,1,4
375.00,187.00,baghdad,1,4
379.00,183.00,baghdad,1,4
383.00,180.00,baghdad,1,4
387.00,177.00,baghdad,1,4
391.00,173.00,baghdad,1,4
395.00,170.00,baghdad,1,4
400.00,168.00,baghdad,1,4
405.00,167.00,baghdad,1,4
410.00,166.00,baghdad,1,4
415.00,165.00,baghdad,1,4
420.00,164.00,baghdad,1,4
425.00,163.00,baghdad,1,4
430.00,162.00,baghdad,1,4
435.00,161.00,baghdad,1,4
440.00,160.00,baghdad,1,4
446.00,160.00,baghdad,1,4
451.00,160.00,baghdad,1,4
456.00,161.00,baghdad,1,4
461.00,162.00,baghdad,1,4
466.00,164.00,baghdad,1,4
470.00,167.00,baghdad,1,4
474.00,170.00,baghdad,1,4
478.00,174.00,baghdad,1,4
482.00,177.00,baghdad,1,4
485.00,181.00,baghdad,1,4
489.00,185.00,baghdad,1,4
492.00,189.00,baghdad,1,4
495.00,193.00,baghdad,1,4
499.00,197.00,baghdad,1,4
502.00,200.00,baghdad,1,4
506.00,204.00,baghdad,1,4
510.00,208.00,baghdad,1,4
514.00,211.00,baghdad,1,4
517.00,215.00,baghdad,1,4
520.00,219.00,baghdad,1,4
524.00,223.00,baghdad,1,4
528.00,226.00,baghdad,1,4
532.00,229.00,baghdad,1,4
537.00,232.00,baghdad,1,4
541.00,235.00,baghdad,1,4
546.00,237.00,baghdad,1,4
550.00,240.00,baghdad,1,4
274.00,281.00,baghdad,1,5
278.00,278.00,baghdad,1,5
283.00,275.00,baghdad,1,5
288.00,272.00,baghdad,1,5
292.00,268.00,baghdad,1,5
297.00,265.00,baghdad,1,5
301.00,262.00,baghdad,1,5
305.00,258.00,baghdad,1,5
308.00,254.00,baghdad,1,5
312.00,250.00,baghdad,1,5
316.00,246.00,baghdad,1,5
320.00,242.00,baghdad,1,5
323.00,238.00,baghdad,1,5
328.00,234.00,baghdad,1,5
332.00,231.00,baghdad,1,5
336.00,227.00,baghdad,1,5
340.00,224.00,baghdad,1,5
345.00,220.00,baghdad,1,5
349.00,217.00,baghdad,1,5
353.00,213.00,baghdad,1,5
357.00,209.00,baghdad,1,5
360.00,205.00,baghdad,1,5
364.00,201.00,baghdad,1,5
368.00,197.00,baghdad,1,5
371.00,193.00,baghdad,1,5
375.00,189.00,baghdad,1,5
379.00,185.00,baghdad,1,5
383.00,181.00,baghdad,1,5
387.00,177.00,baghdad,1,5
391.00,173.00,baghdad,1,5
395.00,170.00,baghdad,1,5
400.00,168.00,baghdad,1,5
405.00,166.00,baghdad,1,5
411.00,164.00,baghdad,1,5
416.00,163.00,baghdad,1,5
421.00,162.00,baghdad,1,5
427.00,162.00,baghdad,1,5
432.00,163.00,baghdad,1,5
438.00,164.00,baghdad,1,5
443.00,165.00,baghdad,1,5
449.00,166.00,baghdad,1,5
454.00,168.00,baghdad,1,5
459.00,170.00,baghdad,1,5
464.00,172.00,baghdad,1,5
468.00,175.00,baghdad,1,5
473.00,179.00,baghdad,1,5
476.00,183.00,baghdad,1,5
480.00,187.00,baghdad,1,5
484.00,191.00,baghdad,1,5
488.00,195.00,baghdad,1,5
492.00,199.00,baghdad,1,5
496.00,202.00,baghdad,1,5
500.00,206.00,baghdad,1,5
505.00,209.00,baghdad,1,5
508.00,213.00,baghdad,1,5
513.00,217.00,baghdad,1,5
516.00,221.00,baghdad,1,5
520.00,225.00,baghdad,1,5
524.00,229.00,baghdad,1,5
527.00,233.00,baghdad,1,5
531.00,237.00,baghdad,1,5
273.00,289.00,baghdad,1,6
277.00,285.00,baghdad,1,6
280.00,282.00,baghdad,1,6
284.00,278.00,baghdad,1,6
287.00,275.00,baghdad,1,6
291.00,271.00,baghdad,1,6
294.00,268.00,baghdad,1,6
298.00,264.00,baghdad,1,6
301.00,261.00,baghdad,1,6
305.00,257.00,baghdad,1,6
308.00,253.00,baghdad,1,6
311.00,249.00,baghdad,1,6
315.00,245.00,baghdad,1,6
318.00,241.00,baghdad,1,6
321.00,237.00,baghdad,1,6
324.00,233.00,baghdad,1,6
327.00,230.00,baghdad,1,6
331.00,226.00,baghdad,1,6
335.00,223.00,baghdad,1,6
338.00,220.00,baghdad,1,6
341.00,216.00,baghdad,1,6
345.00,212.00,baghdad,1,6
348.00,208.00,baghdad,1,6
352.00,205.00,baghdad,1,6
356.00,201.00,baghdad,1,6
359.00,198.00,baghdad,1,6
362.00,194.00,baghdad,1,6
366.00,191.00,baghdad,1,6
370.00,188.00,baghdad,1,6
374.00,185.00,baghdad,1,6
379.00,183.00,baghdad,1,6
384.00,182.00,baghdad,1,6
389.00,181.00,baghdad,1,6
394.00,181.00,baghdad,1,6
399.00,181.00,baghdad,1,6
404.00,181.00,baghdad,1,6
409.00,181.00,baghdad,1,6
414.00,181.00,baghdad,1,6
419.00,182.00,baghdad,1,6
424.00,183.00,baghdad,1,6
429.00,184.00,baghdad,1,6
433.00,185.00,baghdad,1,6
438.00,186.00,baghdad,1,6
443.00,187.00,baghdad,1,6
448.00,188.00,baghdad,1,6
453.00,190.00,baghdad,1,6
457.00,192.00,baghdad,1,6
462.00,194.00,baghdad,1,6
467.00,196.00,baghdad,1,6
471.00,199.00,baghdad,1,6
475.00,201.00,baghdad,1,6
480.00,203.00,baghdad,1,6
485.00,205.00,baghdad,1,6
489.00,207.00,baghdad,1,6
493.00,211.00,baghdad,1,6
496.00,214.00,baghdad,1,6
500.00,217.00,baghdad,1,6
504.00,221.00,baghdad,1,6
507.00,225.00,baghdad,1,6
510.00,229.00,baghdad,1,6
513.00,232.00,baghdad,1,6
517.00,236.00,baghdad,1,6
521.00,239.00,baghdad,1,6
524.00,243.00,baghdad,1,6
268.00,300.00,baghdad,1,7
271.00,296.00,baghdad,1,7
274.00,291.00,baghdad,1,7
277.00,287.00,baghdad,1,7
280.00,283.00,baghdad,1,7
283.00,278.00,baghdad,1,7
286.00,274.00,baghdad,1,7
288.00,269.00,baghdad,1,7
291.00,265.00,baghdad,1,7
294.00,261.00,baghdad,1,7
297.00,257.00,baghdad,1,7
301.00,253.00,baghdad,1,7
305.00,250.00,baghdad,1,7
309.00,246.00,baghdad,1,7
312.00,242.00,baghdad,1,7
316.00,239.00,baghdad,1,7
320.00,235.00,baghdad,1,7
324.00,232.00,baghdad,1,7
328.00,228.00,baghdad,1,7
331.00,224.00,baghdad,1,7
335.00,220.00,baghdad,1,7
338.00,217.00,baghdad,1,7
341.00,213.00,baghdad,1,7
345.00,209.00,baghdad,1,7
349.00,205.00,baghdad,1,7
353.00,202.00,baghdad,1,7
357.00,198.00,baghdad,1,7
360.00,195.00,baghdad,1,7
365.00,192.00,baghdad,1,7
369.00,188.00,baghdad,1,7
373.00,186.00,baghdad,1,7
378.00,183.00,baghdad,1,7
383.00,182.00,baghdad,1,7
388.00,179.00,baghdad,1,7
392.00,177.00,baghdad,1,7
397.00,176.00,baghdad,1,7
402.00,175.00,baghdad,1,7
408.00,175.00,baghdad,1,7
413.00,175.00,baghdad,1,7
418.00,175.00,baghdad,1,7
423.00,175.00,baghdad,1,7
429.00,175.00,baghdad,1,7
434.00,175.00,baghdad,1,7
439.00,175.00,baghdad,1,7
444.00,175.00,baghdad,1,7
449.00,175.00,baghdad,1,7
454.00,177.00,baghdad,1,7
459.00,179.00,baghdad,1,7
464.00,181.00,baghdad,1,7
469.00,183.00,baghdad,1,7
474.00,185.00,baghdad,1,7
478.00,187.00,baghdad,1,7
483.00,189.00,baghdad,1,7
488.00,191.00,baghdad,1,7
493.00,193.00,baghdad,1,7
496.00,197.00,baghdad,1,7
499.00,201.00,baghdad,1,7
503.00,205.00,baghdad,1,7
507.00,208.00,baghdad,1,7
510.00,213.00,baghdad,1,7
514.00,216.00,baghdad,1,7
517.00,220.00,baghdad,1,7
286.00,287.00,baghdad,1,8
289.00,283.00,baghdad,1,8
291.00,278.00,baghdad,1,8
293.00,273.00,baghdad,1,8
294.00,268.00,baghdad,1,8
296.00,262.00,baghdad,1,8
299.00,258.00,baghdad,1,8
301.00,253.00,baghdad,1,8
303.00,248.00,baghdad,1,8
306.00,244.00,baghdad,1,8
310.00,240.00,baghdad,1,8
314.00,236.00,baghdad,1,8
319.00,233.00,baghdad,1,8
323.00,230.00,baghdad,1,8
328.00,228.00,baghdad,1,8
333.00,226.00,baghdad,1,8
338.00,224.00,baghdad,1,8
343.00,223.00,baghdad,1,8
348.00,221.00,baghdad,1,8
353.00,218.00,baghdad,1,8
358.00,215.00,baghdad,1,8
362.00,212.00,baghdad,1,8
366.00,209.00,baghdad,1,8
370.00,206.00,baghdad,1,8
375.00,202.00,baghdad,1,8
378.00,198.00,baghdad,1,8
382.00,194.00,baghdad,1,8
386.00,190.00,baghdad,1,8
389.00,187.00,baghdad,1,8
393.00,183.00,baghdad,1,8
397.00,179.00,baghdad,1,8
402.00,176.00,baghdad,1,8
407.00,174.00,baghdad,1,8
412.00,173.00,baghdad,1,8
417.00,172.00,baghdad,1,8
422.00,170.00,baghdad,1,8
428.00,170.00,baghdad,1,8
433.00,170.00,baghdad,1,8
438.00,171.00,baghdad,1,8
444.00,171.00,baghdad,1,8
449.00,172.00,baghdad,1,8
454.00,173.00,baghdad,1,8
460.00,174.00,baghdad,1,8
465.00,175.00,baghdad,1,8
470.00,177.00,baghdad,1,8
474.00,180.00,baghdad,1,8
478.00,183.00,baghdad,1,8
482.00,187.00,baghdad,1,8
487.00,190.00,baghdad,1,8
491.00,193.00,baghdad,1,8
495.00,197.00,baghdad,1,8
500.00,200.00,baghdad,1,8
504.00,203.00,baghdad,1,8
508.00,207.00,baghdad,1,8
512.00,210.00,baghdad,1,8
516.00,214.00,baghdad,1,8
519.00,218.00,baghdad,1,8
523.00,222.00,baghdad,1,8
527.00,225.00,baghdad,1,8
531.00,229.00,baghdad,1,8
535.00,232.00,baghdad,1,8
540.00,235.00,baghdad,1,8
544.00,238.00,baghdad,1,8
549.00,240.00,baghdad,1,8
,,,,
,,,,
,,,,
,,,,
,,,,
,,,,
,,,,
,,,,
,,,,
,,,,
,,,,
,,,,
,,,,
,,,,
,,,,
,,,,
,,,,
,,,,
,,,,
,,,,
,,,,
,,,,
,,,,
,,,,
,,,,
,,,,
,,,,
,,,,
,,,,
,,,,
,,,,
,,,,
,,,,
,,,,
,,,,
,,,,
,,,,
,,,,
,,,,
,,,,
,,,,
,,,,
,,,,
,,,,
,,,,
,,,,
,,,,
,,,,
,,,,
,,,,
,,,,
,,,,
,,,,
,,,,
,,,,
,,,,
,,,,
,,,,
,,,,
,,,,
,,,,
,,,,
,,,,
,,,,
,,,,
,,,,
,,,,
,,,,
,,,,
,,,,
,,,,
,,,,
,,,,
,,,,
,,,,
,,,,
,,,,
,,,,
,,,,
,,,,
,,,,
,,,,
,,,,
,,,,
,,,,
,,,,
,,,,
,,,,
,,,,
,,,,
,,,,
,,,,
,,,,
,,,,
,,,,
,,,,
,,,,
,,,,
,,,,
,,,,
,,,,
,,,,
,,,,
,,,,
,,,,
,,,,
,,,,
,,,,
,,,,
,,,,
,,,,
,,,,
,,,,
,,,,
,,,,
,,,,
,,,,
,,,,
,,,,
,,,,
,,,,
,,,,
,,,,
,,,,
,,,,
,,,,
,,,,
,,,,
,,,,
,,,,
,,,,
,,,,
,,,,
,,,,
,,,,
,,,,
,,,,
,,,,
,,,,
,,,,
,,,,
,,,,
,,,,
,,,,
,,,,
,,,,
,,,,
,,,,
,,,,
,,,,
,,,,
,,,,
,,,,
,,,,
,,,,
,,,,
,,,,
,,,,
,,,,
,,,,
,,,,
,,,,
,,,,
,,,,
,,,,
,,,,
,,,,
,,,,
,,,,
,,,,
,,,,
,,,,
,,,,
,,,,
,,,,
,,,,
,,,,
,,,,
,,,,
,,,,
,,,,
,,,,
,,,,
,,,,
,,,,
,,,,
,,,,
,,,,
,,,,
,,,,
,,,,
,,,,
,,,,
,,,,
,,,,
,,,,
,,,,
,,,,
,,,,
,,,,
,,,,
,,,,
,,,,
,,,,
,,,,
,,,,
,,,,
,,,,
,,,,
,,,,
,,,,
,,,,
,,,,
,,,,
,,,,
,,,,
,,,,
,,,,
,,,,
,,,,
,,,,
,,,,
,,,,
,,,,
,,,,
,,,,
,,,,
,,,,
,,,,
,,,,
,,,,
,,,,
,,,,
,,,,
,,,,
,,,,
,,,,
,,,,
,,,,
,,,,
,,,,
,,,,
,,,,
,,,,
,,,,
,,,,
,,,,
,,,,
,,,,
,,,,
,,,,
,,,,
,,,,
,,,,
,,,,
,,,,
,,,,
,,,,
,,,,
,,,,
,,,,
,,,,
,,,,
,,,,
,,,,
,,,,
,,,,
,,,,
,,,,
,,,,
,,,,
,,,,
,,,,
,,,,
,,,,
,,,,
,,,,
,,,,
,,,,
,,,,
,,,,
,,,,
,,,,
,,,,
,,,,
,,,,
,,,,
,,,,
,,,,
,,,,
,,,,
,,,,
,,,,
,,,,
,,,,
,,,,
,,,,
,,,,
,,,,
,,,,
,,,,
,,,,
,,,,
,,,,
,,,,
,,,,
,,,,
,,,,
,,,,
,,,,
,,,,
,,,,
,,,,
,,,,
,,,,
,,,,
,,,,
,,,,
,,,,
,,,,
,,,,
,,,,
,,,,
,,,,
,,,,
,,,,
,,,,
,,,,
,,,,
,,,,
,,,,
,,,,
,,,,
,,,,
,,,,
,,,,
,,,,
,,,,
,,,,
,,,,
,,,,
,,,,
,,,,
,,,,
,,,,
,,,,
,,,,
,,,,
,,,,
,,,,
,,,,
,,,,
,,,,
,,,,
,,,,
,,,,
,,,,
,,,,
,,,,
,,,,
,,,,
,,,,
,,,,
,,,,
,,,,
,,,,
,,,,
,,,,
,,,,
,,,,
,,,,
,,,,
,,,,
,,,,
,,,,
,,,,
,,,,
,,,,
,,,,
,,,,
,,,,
,,,,
,,,,
,,,,
,,,,
,,,,
,,,,
,,,,
,,,,
,,,,
,,,,
,,,,
,,,,
,,,,
,,,,
,,,,
,,,,
,,,,
,,,,
,,,,
,,,,
,,,,
,,,,
,,,,
,,,,
,,,,
,,,,
,,,,
,,,,
,,,,
,,,,
,,,,
,,,,
,,,,
,,,,
,,,,
,,,,
,,,,
,,,,
,,,,
,,,,
,,,,
,,,,
,,,,
,,,,
,,,,
,,,,
,,,,
,,,,
,,,,
,,,,
,,,,
,,,,
,,,,
,,,,
,,,,
,,,,
,,,,
,,,,
,,,,
,,,,
,,,,
,,,,
,,,,
,,,,
,,,,
,,,,
,,,,
,,,,
,,,,
,,,,
,,,,
,,,,
,,,,
,,,,
,,,,
,,,,
,,,,
,,,,
,,,,
,,,,
,,,,
,,,,
,,,,
,,,,
,,,,
,,,,
,,,,
,,,,
,,,,
,,,,
,,,,
,,,,
,,,,
,,,,
,,,,
,,,,
,,,,
,,,,
,,,,
,,,,
,,,,
,,,,
,,,,
,,,,
,,,,
,,,,
,,,,
,,,,
,,,,
,,,,
,,,,
,,,,
,,,,
,,,,
,,,,
,,,,
,,,,
,,,,
,,,,
,,,,
,,,,
,,,,
,,,,
,,,,
,,,,
,,,,
,,,,
,,,,
,,,,
,,,,
,,,,
,,,,
,,,,
,,,,
,,,,
,,,,
,,,,
,,,,
,,,,
,,,,
,,,,
,,,,
,,,,
,,,,
,,,,
,,,,
,,,,
,,,,
,,,,
,,,,
,,,,
,,,,
,,,,
,,,,
,,,,
,,,,
,,,,
,,,,
,,,,
,,,,
,,,,
,,,,
,,,,
,,,,
,,,,
,,,,
,,,,
,,,,
,,,,
,,,,
,,,,
,,,,
,,,,
,,,,
,,,,
,,,,
,,,,
,,,,
,,,,
,,,,
,,,,
,,,,
,,,,
,,,,
,,,,
,,,,
,,,,
,,,,
,,,,
,,,,
,,,,
,,,,
,,,,
,,,,
,,,,
,,,,
,,,,
,,,,
,,,,
,,,,
,,,,
,,,,
,,,,
,,,,
,,,,
,,,,
,,,,
,,,,
,,,,
,,,,
,,,,
,,,,
,,,,
,,,,
,,,,
,,,,
,,,,
,,,,
,,,,
,,,,
,,,,
,,,,
,,,,
,,,,
,,,,
,,,,
,,,,
,,,,
,,,,
,,,,
,,,,
,,,,
,,,,
,,,,
,,,,
,,,,
,,,,
,,,,
,,,,
,,,,
,,,,
,,,,
,,,,
,,,,
,,,,
,,,,
,,,,
,,,,
,,,,
,,,,
,,,,
,,,,
,,,,
,,,,
,,,,
,,,,
,,,,
,,,,
,,,,
,,,,
,,,,
,,,,
,,,,
,,,,
,,,,
,,,,
,,,,
,,,,
,,,,
,,,,
,,,,
,,,,
,,,,
,,,,
,,,,
,,,,
,,,,
,,,,
,,,,
,,,,
,,,,
,,,,
,,,,
,,,,
,,,,
,,,,
,,,,
,,,,
,,,,
,,,,
,,,,
,,,,
,,,,
,,,,
,,,,
,,,,
,,,,
,,,,
,,,,
,,,,
,,,,
,,,,
,,,,
,,,,
,,,,
,,,,
,,,,
,,,,
,,,,
,,,,
,,,,
,,,,
,,,,
,,,,
,,,,
,,,,
,,,,
,,,,
,,,,
,,,,
,,,,
,,,,
,,,,
,,,,
,,,,
,,,,
,,,,
,,,,
,,,,
,,,,
,,,,
,,,,
,,,,
,,,,
,,,,
,,,,
,,,,
,,,,
,,,,
,,,,
,,,,
,,,,
,,,,
,,,,
,,,,
,,,,
,,,,
,,,,
,,,,
,,,,
,,,,
,,,,
,,,,
,,,,
,,,,
,,,,
,,,,
,,,,
,,,,
,,,,
,,,,
,,,,
,,,,
,,,,
,,,,
,,,,
,,,,
,,,,
,,,,
,,,,
,,,,
,,,,
,,,,
,,,,
,,,,
,,,,
,,,,
,,,,
,,,,
,,,,
,,,,
,,,,
,,,,
,,,,
,,,,
,,,,
,,,,
,,,,
,,,,
,,,,
,,,,
,,,,
,,,,
,,,,
,,,,
,,,,
,,,,
,,,,
,,,,
,,,,
,,,,
,,,,
,,,,
,,,,
,,,,
,,,,
,,,,
,,,,
,,,,
,,,,
,,,,
,,,,
,,,,
,,,,
,,,,
,,,,
,,,,
,,,,
,,,,
,,,,
,,,,
,,,,
,,,,
,,,,
,,,,
,,,,
,,,,
,,,,
,,,,
,,,,
,,,,
,,,,
,,,,
,,,,
,,,,
,,,,
,,,,
,,,,
,,,,
,,,,
,,,,
,,,,
,,,,
,,,,
,,,,
,,,,
,,,,
,,,,
,,,,
,,,,
,,,,
,,,,
,,,,
,,,,
,,,,
,,,,
,,,,
,,,,
,,,,
,,,,
,,,,
,,,,
,,,,
,,,,
,,,,
,,,,
,,,,
,,,,
,,,,
,,,,
,,,,
,,,,
,,,,
,,,,
,,,,
,,,,
,,,,
,,,,
,,,,
,,,,
,,,,
,,,,
,,,,
,,,,
,,,,
,,,,
,,,,
,,,,
,,,,
,,,,
,,,,
,,,,
,,,,
,,,,
,,,,
,,,,
,,,,
,,,,
,,,,
,,,,
,,,,
,,,,
,,,,
,,,,
,,,,
,,,,
,,,,
,,,,
,,,,
,,,,
,,,,
,,,,
,,,,
,,,,
,,,,
,,,,
,,,,
,,,,
,,,,
,,,,
,,,,
,,,,
,,,,
,,,,
,,,,
,,,,
,,,,
,,,,
,,,,
,,,,
,,,,
,,,,
,,,,
,,,,
,,,,
,,,,
,,,,
,,,,
,,,,
,,,,
,,,,
,,,,
,,,,
,,,,
,,,,
,,,,
,,,,
,,,,
,,,,
,,,,
,,,,
,,,,
,,,,
,,,,
,,,,
,,,,
,,,,
,,,,
,,,,
,,,,
,,,,
,,,,
,,,,
,,,,
,,,,
,,,,
,,,,
,,,,
,,,,
,,,,
,,,,
,,,,
,,,,
,,,,
,,,,
,,,,
,,,,
,,,,
,,,,
,,,,
,,,,
,,,,
,,,,
,,,,
,,,,
,,,,
,,,,
,,,,
,,,,
,,,,
,,,,
,,,,
,,,,
,,,,
,,,,
,,,,
,,,,
,,,,
,,,,
,,,,
,,,,
,,,,
,,,,
,,,,
,,,,
,,,,
,,,,
,,,,
,,,,
,,,,
,,,,
,,,,
,,,,
,,,,
,,,,
,,,,
,,,,
,,,,
,,,,
,,,,
,,,,
,,,,
,,,,
,,,,
,,,,
,,,,
,,,,
,,,,
,,,,
,,,,
,,,,
,,,,
,,,,
,,,,
,,,,
,,,,
,,,,
,,,,
,,,,
,,,,
,,,,
,,,,
,,,,
,,,,
,,,,
,,,,
,,,,
,,,,
,,,,
,,,,
,,,,
,,,,
,,,,
,,,,
,,,,
,,,,
,,,,
,,,,
,,,,
,,,,
,,,,
,,,,
,,,,
,,,,
,,,,
,,,,
,,,,
,,,,
,,,,
,,,,
,,,,
,,,,
,,,,
,,,,
,,,,
,,,,
,,,,
,,,,
,,,,
,,,,
,,,,
,,,,
,,,,
,,,,
,,,,
,,,,
,,,,
,,,,
,,,,
,,,,
,,,,
,,,,
,,,,
,,,,
,,,,
,,,,
,,,,
,,,,
,,,,
,,,,
,,,,
,,,,
,,,,
,,,,
,,,,
,,,,
,,,,
,,,,
,,,,
,,,,
,,,,
,,,,
,,,,
,,,,
,,,,
,,,,
,,,,
,,,,
,,,,
,,,,
,,,,
,,,,
,,,,
,,,,
,,,,
,,,,
,,,,
,,,,
,,,,
,,,,
,,,,
,,,,
,,,,
,,,,
,,,,
,,,,
,,,,
,,,,
,,,,
,,,,
,,,,
,,,,
,,,,
,,,,
,,,,
,,,,
,,,,
,,,,
,,,,
,,,,
,,,,
,,,,
,,,,
,,,,
,,,,
,,,,
,,,,
,,,,
,,,,
,,,,
,,,,
,,,,
,,,,
,,,,
,,,,
,,,,
,,,,
,,,,
,,,,
,,,,
,,,,
,,,,
,,,,
,,,,
,,,,
,,,,
,,,,
,,,,
,,,,
,,,,
,,,,
,,,,
,,,,
,,,,
,,,,
,,,,
,,,,
,,,,
,,,,
,,,,
,,,,
,,,,
,,,,
,,,,
,,,,
,,,,
,,,,
,,,,
,,,,
,,,,
,,,,
,,,,
,,,,
,,,,
,,,,
,,,,
,,,,
,,,,
,,,,
,,,,
,,,,
,,,,
,,,,
,,,,
,,,,
,,,,
,,,,
,,,,
,,,,
,,,,
,,,,
,,,,
,,,,
,,,,
,,,,
,,,,
,,,,
,,,,
,,,,
,,,,
,,,,
,,,,
,,,,
,,,,
,,,,
,,,,
,,,,
,,,,
,,,,
,,,,
,,,,
,,,,
,,,,
,,,,
,,,,
,,,,
,,,,
,,,,
,,,,
,,,,
,,,,
,,,,
,,,,
,,,,
,,,,
,,,,
,,,,
,,,,
,,,,
,,,,
,,,,
,,,,
,,,,
,,,,
,,,,
,,,,
,,,,
,,,,
,,,,
,,,,
,,,,
,,,,
,,,,
,,,,
,,,,
,,,,
,,,,
,,,,
,,,,
,,,,
,,,,
,,,,
,,,,
,,,,
,,,,
,,,,
,,,,
,,,,
,,,,
,,,,
,,,,
,,,,
,,,,
,,,,
,,,,
,,,,
,,,,
,,,,
,,,,
,,,,
,,,,
,,,,
,,,,
,,,,
,,,,
,,,,
,,,,
,,,,
,,,,
,,,,
,,,,
,,,,
,,,,
,,,,
,,,,
,,,,
,,,,
,,,,
,,,,
,,,,
,,,,
,,,,
,,,,
,,,,
,,,,
,,,,
,,,,
,,,,
,,,,
,,,,
,,,,
,,,,
,,,,
,,,,
,,,,
,,,,
,,,,
,,,,
,,,,
,,,,
,,,,
,,,,
,,,,
,,,,
,,,,
,,,,
,,,,
,,,,
,,,,
,,,,
,,,,
,,,,
,,,,
,,,,
,,,,
,,,,
,,,,
,,,,
,,,,
,,,,
,,,,
,,,,
,,,,
,,,,
,,,,
,,,,
,,,,
,,,,
,,,,
,,,,
,,,,
,,,,
,,,,
,,,,
,,,,
,,,,
,,,,
,,,,
,,,,
,,,,
,,,,
,,,,
,,,,
,,,,
,,,,
,,,,
,,,,
,,,,
,,,,
,,,,
,,,,
,,,,
,,,,
,,,,
,,,,
,,,,
,,,,
,,,,
,,,,
,,,,
,,,,
,,,,
,,,,
,,,,
,,,,
,,,,
,,,,
,,,,
